usuario, contra, salt
a,x2IJ7SkqTz3EXZ4RN9Zu2QEG2TGLGvwiUmUAweHzsm8=,7QS6WHi98Fc=
,L7TVugZm8mmBmdlBtjvvTXS0ICyxJSepNxVjYg29ib4=,612ONKdlwTQ=
1,y1RihLnqLbVSicKdWxZ0MbfndupMWLSOY+0FGV5UdTQ=,ZD5rP9IDucM=
2,itC5+x+HX0ri2be3nhuiI7w8w4MKPuc8e5NDBSMzY5E=,qwpEZy1MyVQ=
josem7,Hl+ThlI2kg0pGz58WJtAuPvKLcFGccPYky81o+NsR24=,vr7QxIO184Q=
b,C/tGxI5ERX4Z9FNKFLH++yNp5trhc6wEVD72RSWLhAI=,A/xysKn3pEg=
q,eH0iKIJiglfOUgvP5UXhkdAMeSN+LDRpKuYvX8sTL/E=,gR1IKwSGLBc=
c,oxLDALYoqENk8AUntUYGt4SaCGR1OE4VWeMmNmSVIPc=,s+6GFIS/PAQ=
